Weekday,HourGMT,Transactions
Monday,0,0
Monday,1,0
Monday,2,0
Monday,3,0
Monday,4,0
Monday,5,0
Monday,6,0
Monday,7,61
Monday,8,1641
Monday,9,7497
Monday,10,8872
Monday,11,8926
Monday,12,11801
Monday,13,12756
Monday,14,11502
Monday,15,13977
Monday,16,9529
Monday,17,8136
Monday,18,413
Monday,19,0
Monday,20,0
Monday,21,0
Monday,22,0
Monday,23,0
Tuesday,0,0
Tuesday,1,0
Tuesday,2,0
Tuesday,3,0
Tuesday,4,0
Tuesday,5,0
Tuesday,6,0
Tuesday,7,65
Tuesday,8,1751
Tuesday,9,6440
Tuesday,10,9125
Tuesday,11,10052
Tuesday,12,14327
Tuesday,13,12619
Tuesday,14,11656
Tuesday,15,16017
Tuesday,16,11924
Tuesday,17,5746
Tuesday,18,2086
Tuesday,19,0
Tuesday,20,0
Tuesday,21,0
Tuesday,22,0
Tuesday,23,0
Wednesday,0,0
Wednesday,1,0
Wednesday,2,0
Wednesday,3,0
Wednesday,4,0
Wednesday,5,0
Wednesday,6,0
Wednesday,7,59
Wednesday,8,1826
Wednesday,9,5186
Wednesday,10,7904
Wednesday,11,9973
Wednesday,12,14527
Wednesday,13,11901
Wednesday,14,11006
Wednesday,15,16510
Wednesday,16,10768
Wednesday,17,4849
Wednesday,18,23
Wednesday,19,15
Wednesday,20,18
Wednesday,21,0
Wednesday,22,0
Wednesday,23,0
Thursday,0,0
Thursday,1,0
Thursday,2,0
Thursday,3,0
Thursday,4,0
Thursday,5,0
Thursday,6,41
Thursday,7,64
Thursday,8,1834
Thursday,9,8060
Thursday,10,9321
Thursday,11,8369
Thursday,12,13485
Thursday,13,12428
Thursday,14,11518
Thursday,15,11830
Thursday,16,11765
Thursday,17,5257
Thursday,18,5439
Thursday,19,3601
Thursday,20,845
Thursday,21,0
Thursday,22,0
Thursday,23,0
Friday,0,0
Friday,1,0
Friday,2,0
Friday,3,0
Friday,4,0
Friday,5,0
Friday,6,0
Friday,7,134
Friday,8,1857
Friday,9,7119
Friday,10,10215
Friday,11,9589
Friday,12,10942
Friday,13,10488
Friday,14,11737
Friday,15,9043
Friday,16,6438
Friday,17,4521
Friday,18,13
Friday,19,89
Friday,20,8
Friday,21,0
Friday,22,0
Friday,23,0
Saturday,0,0
Saturday,1,0
Saturday,2,0
Saturday,3,0
Saturday,4,0
Saturday,5,0
Saturday,6,0
Saturday,7,0
Saturday,8,0
Saturday,9,0
Saturday,10,0
Saturday,11,0
Saturday,12,0
Saturday,13,0
Saturday,14,0
Saturday,15,0
Saturday,16,0
Saturday,17,0
Saturday,18,0
Saturday,19,0
Saturday,20,0
Saturday,21,0
Saturday,22,0
Saturday,23,0
Sunday,0,0
Sunday,1,0
Sunday,2,0
Sunday,3,0
Sunday,4,0
Sunday,5,0
Sunday,6,0
Sunday,7,0
Sunday,8,0
Sunday,9,30
Sunday,10,3600
Sunday,11,10765
Sunday,12,13627
Sunday,13,12067
Sunday,14,10052
Sunday,15,10142
Sunday,16,4092
Sunday,17,0
Sunday,18,0
Sunday,19,0
Sunday,20,0
Sunday,21,0
Sunday,22,0
Sunday,23,0
